<toc version="2.0">
<tocitem target="contents_toc.html">Functions
  <tocitem target="contents_toc.html#homogeneoustransformations">Homogeneous transformations
    <tocitem target="html/angvec2r.html"><name>angvec2r</name><purpose>angle/vector to RM</purpose></tocitem>
    <tocitem target="html/angvec2tr.html"><name>angvec2tr</name><purpose>angle/vector to HT</purpose></tocitem>
    <tocitem target="html/eul2r.html"><name>eul2r</name><purpose>Euler angles to RM</purpose></tocitem>
    <tocitem target="html/eul2tr.html"><name>eul2tr</name><purpose>Euler angles to HT</purpose></tocitem>
    <tocitem target="html/oa2r.html"><name>oa2r</name><purpose>orientation and approach vector to RM</purpose></tocitem>
    <tocitem target="html/oa2tr.html"><name>oa2tr</name><purpose>orientation and approach vector to HT</purpose></tocitem>
    <tocitem target="html/r2t.html"><name>r2t</name><purpose>RM to HT</purpose></tocitem>
    <tocitem target="html/rt2tr.html"><name>rt2tr</name><purpose>(R,t) to HT</purpose></tocitem>
    <tocitem target="html/rotx.html"><name>rotx</name><purpose>RM for rotation about X-axis</purpose></tocitem>
    <tocitem target="html/roty.html"><name>roty</name><purpose>RM for rotation about Y-axis</purpose></tocitem>
    <tocitem target="html/rotz.html"><name>rotz</name><purpose>RM for rotation about Z-axis</purpose></tocitem>
    <tocitem target="html/rpy2r.html"><name>rpy2r</name><purpose>roll/pitch/yaw angles to RM</purpose></tocitem>
    <tocitem target="html/rpy2tr.html"><name>rpy2tr</name><purpose>roll/pitch/yaw angles to HT</purpose></tocitem>
    <tocitem target="html/se2.html"><name>se2</name><purpose>HT in SE(2)</purpose></tocitem>
    <tocitem target="html/t2r.html"><name>t2r</name><purpose>HT to RM</purpose></tocitem>
    <tocitem target="html/tr2angvec.html"><name>tr2angvec</name><purpose>HT/RM to angle/vector form</purpose></tocitem>
    <tocitem target="html/tr2eul.html"><name>tr2eul</name><purpose>HT/RM to Euler angles</purpose></tocitem>
    <tocitem target="html/tr2rpy.html"><name>tr2rpy</name><purpose>HT/RM to roll/pitch/yaw angles</purpose></tocitem>
    <tocitem target="html/tr2rt.html"><name>tr2rt</name><purpose>HT to (R,t)</purpose></tocitem>
    <tocitem target="html/tranimate.html"><name>tranimate</name><purpose>animate a coordinate frame</purpose></tocitem>
    <tocitem target="html/transl.html"><name>transl</name><purpose>set or extract the translational component of HT</purpose></tocitem>
    <tocitem target="html/trnorm.html"><name>trnorm</name><purpose>normalize HT</purpose></tocitem>
    <tocitem target="html/trplot.html"><name>trplot</name><purpose>plot HT as a coordinate frame</purpose></tocitem>
    <tocitem target="html/trplot2.html"><name>trplot2</name><purpose>plot HT, SE(2), as a coordinate frame</purpose></tocitem>
    <tocitem target="html/trprint.html"><name>trprint</name><purpose>print an HT</purpose></tocitem>
    <tocitem target="html/trotx.html"><name>trotx</name><purpose>HT for rotation about X-axis</purpose></tocitem>
    <tocitem target="html/troty.html"><name>troty</name><purpose>HT for rotation about Y-axis</purpose></tocitem>
    <tocitem target="html/trotz.html"><name>trotz</name><purpose>HT for rotation about Z-axis</purpose></tocitem>
  </tocitem>
  <tocitem target="contents_toc.html#homogeneouspointsandlines">Homogeneous points and lines
    <tocitem target="html/e2h.html"><name>e2h</name><purpose>Euclidean coordinates to homogeneous</purpose></tocitem>
    <tocitem target="html/h2e.html"><name>h2e</name><purpose>homogeneous coordinates to Euclidean</purpose></tocitem>
    <tocitem target="html/homline.html"><name>homline</name><purpose>create line from 2 points</purpose></tocitem>
    <tocitem target="html/homtrans.html"><name>homtrans</name><purpose>transform points</purpose></tocitem>
  </tocitem>
  <tocitem target="contents_toc.html#differentialmotion">Differential motion
    <tocitem target="html/delta2tr.html"><name>delta2tr</name><purpose>differential motion vector to HT</purpose></tocitem>
    <tocitem target="html/eul2jac.html"><name>eul2jac</name><purpose>Euler angles to Jacobian</purpose></tocitem>
    <tocitem target="html/rpy2jac.html"><name>rpy2jac</name><purpose>RPY angles to Jacobian</purpose></tocitem>
    <tocitem target="html/skew.html"><name>skew</name><purpose>vector to skew symmetric matrix</purpose></tocitem>
    <tocitem target="html/tr2delta.html"><name>tr2delta</name><purpose>HT to differential motion vector</purpose></tocitem>
    <tocitem target="html/tr2jac.html"><name>tr2jac</name><purpose>HT to Jacobian</purpose></tocitem>
    <tocitem target="html/vex.html"><name>vex</name><purpose>skew symmetric matrix to vector</purpose></tocitem>
    <tocitem target="html/wtrans.html"><name>wtrans</name><purpose>transform wrench between frames</purpose></tocitem>
  </tocitem>
  <tocitem target="contents_toc.html#trajectorygeneration">Trajectory generation
    <tocitem target="html/ctraj.html"><name>ctraj</name><purpose>Cartesian trajectory</purpose></tocitem>
    <tocitem target="html/jtraj.html"><name>jtraj</name><purpose>joint space trajectory</purpose></tocitem>
    <tocitem target="html/lspb.html"><name>lspb</name><purpose>1D trapezoidal trajectory</purpose></tocitem>
    <tocitem target="html/mtraj.html"><name>mtraj</name><purpose>multi-axis trajectory for arbitrary function</purpose></tocitem>
    <tocitem target="html/mstraj.html"><name>mstraj</name><purpose>multi-axis multi-segment trajectory</purpose></tocitem>
    <tocitem target="html/tpoly.html"><name>tpoly</name><purpose>1D polynomial trajectory</purpose></tocitem>
    <tocitem target="html/trinterp.html"><name>trinterp</name><purpose>interpolate HT s</purpose></tocitem>
  </tocitem>
  <tocitem target="contents_toc.html#quaternion">Quaternion
    <tocitem target="html/Quaternion.html"><name>Quaternion</name><purpose>constructor</purpose></tocitem>
    <tocitem target="html//.html"><name>/</name><purpose>divide quaternion by quaternion or scalar</purpose></tocitem>
    <tocitem target="html/*.html"><name>*</name><purpose>multiply quaternion by a quaternion or vector</purpose></tocitem>
    <tocitem target="html/Quaternion.html#inv"><name>inv</name><purpose>invert a quaternion</purpose></tocitem>
    <tocitem target="html/Quaternion.html#norm"><name>norm</name><purpose>norm of a quaternion</purpose></tocitem>
    <tocitem target="html/Quaternion.html#plot"><name>plot</name><purpose>display a quaternion as a 3D rotation</purpose></tocitem>
    <tocitem target="html/Quaternion.html#unit"><name>unit</name><purpose>unitize a quaternion</purpose></tocitem>
    <tocitem target="html/Quaternion.html#interp"><name>interp</name><purpose>interpolate a quaternion</purpose></tocitem>
  </tocitem>
  <tocitem target="contents_toc.html#serial-linkmanipulator">Serial-link manipulator
    <tocitem target="html/SerialLink.html"><name>SerialLink</name><purpose>construct a serial-link robot object</purpose></tocitem>
    <tocitem target="html/Link.html"><name>Link</name><purpose>construct a robot link object</purpose></tocitem>
    <tocitem target="html/*.html"><name>*</name><purpose>compound two robots</purpose></tocitem>
    <tocitem target="html/SerialLink.html#friction"><name>friction</name><purpose>return joint friction torques</purpose></tocitem>
    <tocitem target="html/SerialLink.html#nofriction"><name>nofriction</name><purpose>return a robot object with no friction</purpose></tocitem>
    <tocitem target="html/SerialLink.html#perturb"><name>perturb</name><purpose>return a robot object with perturbed parameters</purpose></tocitem>
    <tocitem target="html/SerialLink.html#plot"><name>plot</name><purpose>plot/animate robot</purpose></tocitem>
    <tocitem target="html/SerialLink.html#teach"><name>teach</name><purpose>drive a graphical  robot</purpose></tocitem>
  </tocitem>
    <tocitem target="contents_toc.html#models">Models
      <tocitem target="html/DHFactor.html"><name>DHFactor</name><purpose>convert elementary transformations to DH form</purpose></tocitem>
      <tocitem target="html/mdl_Fanuc10L.html"><name>mdl_Fanuc10L</name><purpose>Fanuc 10L (DH, kine)</purpose></tocitem>
      <tocitem target="html/mdl_MotomanHP6.html"><name>mdl_MotomanHP6</name><purpose>Motoman HP6 (DH, kine)</purpose></tocitem>
      <tocitem target="html/mdl_puma560.html"><name>mdl_puma560</name><purpose>Puma 560 data (DH, kine, dyn)</purpose></tocitem>
      <tocitem target="html/mdl_puma560akb.html"><name>mdl_puma560akb</name><purpose>Puma 560 data (MDH, kine, dyn)</purpose></tocitem>
      <tocitem target="html/mdl_robot.html"><name>mdl_robot</name><purpose>construct a robot object</purpose></tocitem>
      <tocitem target="html/mdl_stanford.html"><name>mdl_stanford</name><purpose>Stanford arm data (DH, kine, dyn)</purpose></tocitem>
      <tocitem target="html/mdl_S4ABB2p8.html"><name>mdl_S4ABB2p8</name><purpose>ABB S4 2.8 (DH, kine)</purpose></tocitem>
      <tocitem target="html/mdl_twolink.html"><name>mdl_twolink</name><purpose>simple 2-link example (DH, kine)</purpose></tocitem>
      <tocitem target="html/mdl_quadcopter.html"><name>mdl_quadcopter</name><purpose>simple quadcopter model</purpose></tocitem>
    </tocitem>
    <tocitem target="contents_toc.html#kinematic">Kinematic
      <tocitem target="html/DHFactor.html"><name>DHFactor</name><purpose>transform sequence to DH description</purpose></tocitem>
      <tocitem target="html/SerialLink.html#fkine"><name>fkine</name><purpose>forward kinematics</purpose></tocitem>
      <tocitem target="html/SerialLink.html#ikine"><name>ikine</name><purpose>inverse kinematics (numeric)</purpose></tocitem>
      <tocitem target="html/SerialLink.html#ikine6s"><name>ikine6s</name><purpose>inverse kinematics for 6-axis arm with sph.wrist</purpose></tocitem>
      <tocitem target="html/SerialLink.html#jacob0"><name>jacob0</name><purpose>Jacobian in base coordinate frame</purpose></tocitem>
      <tocitem target="html/SerialLink.html#jacobn"><name>jacobn</name><purpose>Jacobian in end-effector coordinate frame</purpose></tocitem>
      <tocitem target="html/SerialLink.html#maniplty"><name>maniplty</name><purpose>compute manipulability</purpose></tocitem>
    </tocitem>
    <tocitem target="contents_toc.html#dynamics">Dynamics
      <tocitem target="html/SerialLink.html#accel"><name>accel</name><purpose>forward dynamics</purpose></tocitem>
      <tocitem target="html/SerialLink.html#cinertia"><name>cinertia</name><purpose>Cartesian manipulator inertia matrix</purpose></tocitem>
      <tocitem target="html/SerialLink.html#coriolis"><name>coriolis</name><purpose>centripetal/coriolis torque</purpose></tocitem>
      <tocitem target="html/SerialLink.html#fdyn"><name>fdyn</name><purpose>forward dynamics</purpose></tocitem>
      <tocitem target="html/wtrans.html"><name>wtrans</name><purpose>transform a force/moment</purpose></tocitem>
      <tocitem target="html/SerialLink.html#gravload"><name>gravload</name><purpose>gravity loading</purpose></tocitem>
      <tocitem target="html/SerialLink.html#inertia"><name>inertia</name><purpose>manipulator inertia matrix</purpose></tocitem>
      <tocitem target="html/SerialLink.html#itorque"><name>itorque</name><purpose>inertia torque</purpose></tocitem>
      <tocitem target="html/SerialLink.html#rne"><name>rne</name><purpose>inverse dynamics</purpose></tocitem>
    </tocitem>
  <tocitem target="contents_toc.html#mobilerobot">Mobile robot
    <tocitem target="html/Map.html"><name>Map</name><purpose>point feature map object</purpose></tocitem>
    <tocitem target="html/RandomPath.html"><name>RandomPath</name><purpose>driver for Vehicle object</purpose></tocitem>
    <tocitem target="html/RangeBearingSensor.html"><name>RangeBearingSensor</name><purpose>"laser scanner" object</purpose></tocitem>
    <tocitem target="html/Vehicle.html"><name>Vehicle</name><purpose>construct a mobile robot object</purpose></tocitem>
    <tocitem target="html/sl_bicycle.html"><name>sl_bicycle</name><purpose>Simulink "bicycle model" of non-holonomic wheeled vehicle</purpose></tocitem>
    <tocitem target="html/Navigation.html"><name>Navigation</name><purpose>Navigation superclass</purpose></tocitem>
    <tocitem target="html/Sensor.html"><name>Sensor</name><purpose>robot sensor superclass</purpose></tocitem>
    <tocitem target="html/plot_vehicle.html"><name>plot_vehicle</name><purpose>plot vehicle</purpose></tocitem>
  </tocitem>
    <tocitem target="contents_toc.html#localization">Localization
      <tocitem target="html/EKF.html"><name>EKF</name><purpose>extended Kalman filter object</purpose></tocitem>
      <tocitem target="html/ParticleFilter.html"><name>ParticleFilter</name><purpose>Monte Carlo estimator</purpose></tocitem>
    </tocitem>
    <tocitem target="contents_toc.html#pathplanning">Path planning
      <tocitem target="html/Bug2.html"><name>Bug2</name><purpose>bug navigation</purpose></tocitem>
      <tocitem target="html/DXform.html"><name>DXform</name><purpose>distance transform from map</purpose></tocitem>
      <tocitem target="html/Dstar.html"><name>Dstar</name><purpose>D* planner</purpose></tocitem>
      <tocitem target="html/PRM.html"><name>PRM</name><purpose>probabilistic roadmap planner</purpose></tocitem>
      <tocitem target="html/RRT.html"><name>RRT</name><purpose>rapidly exploring random tree</purpose></tocitem>
    </tocitem>
  <tocitem target="contents_toc.html#graphics">Graphics
    <tocitem target="html/plot2.html"><name>plot2</name><purpose>plot trajectory</purpose></tocitem>
    <tocitem target="html/plotp.html"><name>plotp</name><purpose>plot points</purpose></tocitem>
    <tocitem target="html/plot_arrow.html"><name>plot_arrow</name><purpose>draw an arrow</purpose></tocitem>
    <tocitem target="html/plot_box.html"><name>plot_box</name><purpose>draw a box</purpose></tocitem>
    <tocitem target="html/plot_circle.html"><name>plot_circle</name><purpose>draw a circle</purpose></tocitem>
    <tocitem target="html/plot_ellipse.html"><name>plot_ellipse</name><purpose>draw an ellipse</purpose></tocitem>
    <tocitem target="html/plot_homline.html"><name>plot_homline</name><purpose>plot homogeneous line</purpose></tocitem>
    <tocitem target="html/plot_point.html"><name>plot_point</name><purpose>plot points</purpose></tocitem>
    <tocitem target="html/plot_poly.html"><name>plot_poly</name><purpose>plot polygon</purpose></tocitem>
    <tocitem target="html/plot_sphere.html"><name>plot_sphere</name><purpose>draw a sphere</purpose></tocitem>
    <tocitem target="html/qplot.html"><name>qplot</name><purpose>plot joint angle trajectories</purpose></tocitem>
    <tocitem target="html/plot2.html"><name>plot2</name><purpose>Plot trajectories</purpose></tocitem>
    <tocitem target="html/plotp.html"><name>plotp</name><purpose>Plot trajectories</purpose></tocitem>
    <tocitem target="html/xaxis.html"><name>xaxis</name><purpose>set x-axis scaling</purpose></tocitem>
    <tocitem target="html/yaxis.html"><name>yaxis</name><purpose>set y-axis scaling</purpose></tocitem>
    <tocitem target="html/xyzlabel.html"><name>xyzlabel</name><purpose>label axes x, y and z</purpose></tocitem>
  </tocitem>
  <tocitem target="contents_toc.html#utility">Utility
    <tocitem target="html/about.html"><name>about</name><purpose>summary of object size and type</purpose></tocitem>
    <tocitem target="html/angdiff.html"><name>angdiff</name><purpose>subtract 2 angles modulo 2pi</purpose></tocitem>
    <tocitem target="html/bresenham.html"><name>bresenham</name><purpose>Bresenhan line drawing</purpose></tocitem>
    <tocitem target="html/circle.html"><name>circle</name><purpose>compute/draw points on a circle</purpose></tocitem>
    <tocitem target="html/colnorm.html"><name>colnorm</name><purpose>columnwise norm of matrix</purpose></tocitem>
    <tocitem target="html/diff2.html"><name>diff2</name><purpose>elementwise diff</purpose></tocitem>
    <tocitem target="html/gauss2d.html"><name>gauss2d</name><purpose>Gaussian distribution in 2D</purpose></tocitem>
    <tocitem target="html/ishomog.html"><name>ishomog</name><purpose>true if argument is a 4x4 matrix</purpose></tocitem>
    <tocitem target="html/ismatrix.html"><name>ismatrix</name><purpose>true if non scalar</purpose></tocitem>
    <tocitem target="html/isrot.html"><name>isrot</name><purpose>true if argument is a 3x3 matrix</purpose></tocitem>
    <tocitem target="html/isvec.html"><name>isvec</name><purpose>true if argument is a 3-vector</purpose></tocitem>
    <tocitem target="html/numcols.html"><name>numcols</name><purpose>number of columns in matrix</purpose></tocitem>
    <tocitem target="html/numrows.html"><name>numrows</name><purpose>number of rows in matrix</purpose></tocitem>
    <tocitem target="html/peak.html"><name>peak</name><purpose>find peak in 1D signal</purpose></tocitem>
    <tocitem target="html/peak2.html"><name>peak2</name><purpose>find peak in 2D signal</purpose></tocitem>
    <tocitem target="html/PGraph.html"><name>PGraph</name><purpose>general purpose graph class</purpose></tocitem>
    <tocitem target="html/polydiff.html"><name>polydiff</name><purpose>derivative of polynomial</purpose></tocitem>
    <tocitem target="html/Polygon.html"><name>Polygon</name><purpose>general purpose polygon class</purpose></tocitem>
    <tocitem target="html/randinit.html"><name>randinit</name><purpose>initialize random number generator</purpose></tocitem>
    <tocitem target="html/ramp.html"><name>ramp</name><purpose>create linear ramp</purpose></tocitem>
    <tocitem target="html/unit.html"><name>unit</name><purpose>unitize a vector</purpose></tocitem>
    <tocitem target="html/tb_optparse.html"><name>tb_optparse</name><purpose>toolbox argument parser</purpose></tocitem>
    <tocitem target="html/distancexform.html"><name>distancexform</name><purpose>compute distance transform</purpose></tocitem>
  </tocitem>
  <tocitem target="contents_toc.html#demonstrations">Demonstrations
    <tocitem target="html/rtdemo.html"><name>rtdemo</name><purpose>Serial-link manipulator demonstration</purpose></tocitem>
  </tocitem>
  <tocitem target="contents_toc.html#examples">Examples
    <tocitem target="html/sl_quadcopter.html"><name>sl_quadcopter</name><purpose>Simulink model of a flying quadcopter</purpose></tocitem>
    <tocitem target="html/sl_braitenberg.html"><name>sl_braitenberg</name><purpose>Simulink model a Braitenberg vehicle</purpose></tocitem>
    <tocitem target="html/movepoint.html"><name>movepoint</name><purpose>non-holonomic vehicle moving to a point</purpose></tocitem>
    <tocitem target="html/moveline.html"><name>moveline</name><purpose>non-holonomic vehicle moving to a line</purpose></tocitem>
    <tocitem target="html/movepose.html"><name>movepose</name><purpose>non-holonomic vehicle moving to a pose</purpose></tocitem>
    <tocitem target="html/walking.html"><name>walking</name><purpose>example of 4-legged walking robot</purpose></tocitem>
    <tocitem target="html/eg_inertia.html"><name>eg_inertia</name><purpose>joint 1 inertia I(q1,q2)</purpose></tocitem>
    <tocitem target="html/eg_inertia22.html"><name>eg_inertia22</name><purpose>joint 2 inertia I(q3)</purpose></tocitem>
    <tocitem target="html/eg_grav.html"><name>eg_grav</name><purpose>joint 2 gravity load g(q2,q3)</purpose></tocitem>
  </tocitem>
</tocitem>
</toc>
